{"_sessions":{"Bay+PvZe3ajIn9347aZXNp0udL97CxsFGpPAX1jzK9Eh":{"registrationId":1259268308,"currentRatchet":{"ephemeralKeyPair":{"pubKey":"BZRDwU4+SDe1iqsClVs9IbVk5wJqxrxubaueylq8s6cU","privKey":"uDV13RUAy1bxqroMiEthlkOuZsT7JSVkA4aOEY9EKGo="},"lastRemoteEphemeralKey":"BUexO6nIhKYBr6GolHQ4/nLI2JKc5DFK4X9Egoi1aOhB","previousCounter":1,"rootKey":"ZJYNAEdzLblzcU94cmv1xagmD7eCJOl08yXwJFjaVoo="},"indexInfo":{"baseKey":"Bay+PvZe3ajIn9347aZXNp0udL97CxsFGpPAX1jzK9Eh","baseKeyType":1,"closed":-1,"used":1688885927291,"created":1688885542807,"remoteIdentityKey":"BUNdEpKwMP8/chByq1Q17qduHrSzeSKV4F6P2PjL/+op"},"_chains":{"BdEPQQtgi1mEHxsItjgg1XNWOzVEXQGSv+7vyD6Wzjdh":{"chainKey":{"counter":0},"chainType":2,"messageKeys":{}},"BYzG3hq+wvAq71CTt4sv1VTgAjLkjsZIsLkJVGv+YAht":{"chainKey":{"counter":0},"chainType":2,"messageKeys":{}},"BYHDmoZymAYZEQQ/9YV7Z2qK0/XcWhHLOt9gCzMukQsn":{"chainKey":{"counter":0},"chainType":2,"messageKeys":{}},"BVEJxVc2pjnnHwC7UGt6w/G8ieU5Lx4/sZGbO4b/E0R1":{"chainKey":{"counter":1},"chainType":2,"messageKeys":{}},"BUexO6nIhKYBr6GolHQ4/nLI2JKc5DFK4X9Egoi1aOhB":{"chainKey":{"counter":2,"key":"Gatv3qtDIMk1AepApr3gZrG3KNR4v2C+hLcfTn65HrU="},"chainType":2,"messageKeys":{}},"BZRDwU4+SDe1iqsClVs9IbVk5wJqxrxubaueylq8s6cU":{"chainKey":{"counter":2,"key":"YR49Le7EX+BcNMPFSCwkX0EPidosoIayf3hMXQ49c4w="},"chainType":1,"messageKeys":{}}}}},"version":"v1"}