{"_sessions":{"BXb4ByFphP5uUomlkdRWYraTIeg8cn93MsaqpeHNVKRR":{"registrationId":1858032346,"currentRatchet":{"ephemeralKeyPair":{"pubKey":"BSzp/11hOSDKvrOe3ysCE4wTyZZ9SRBYiSs3TzACytFW","privKey":"cEnPG5WDe3xk8Bv/CsHW1Qk3Sjf+CJu5iTbA7JJk2UM="},"lastRemoteEphemeralKey":"BQ6NYAr8QYxIB93C77kX7LNq/ucxH2wLwrgy4U3pNZVK","previousCounter":0,"rootKey":"fMNBrJHADt7s+LzjE7lxPhQd9kIcLol8uHKsbvYDLAQ="},"indexInfo":{"baseKey":"BXb4ByFphP5uUomlkdRWYraTIeg8cn93MsaqpeHNVKRR","baseKeyType":2,"closed":1688885542813,"used":1688885542662,"created":1688885542662,"remoteIdentityKey":"BQeCsUGnXmPjp1FqBExvk4WuosYG/li3J/sdM6UiJHkb"},"_chains":{"BQ6NYAr8QYxIB93C77kX7LNq/ucxH2wLwrgy4U3pNZVK":{"chainKey":{"counter":5,"key":"JrwKgJnUhEohc4wGGsSj/jJUyohoO/vFPdDokxh2ago="},"chainType":2,"messageKeys":{}},"BSzp/11hOSDKvrOe3ysCE4wTyZZ9SRBYiSs3TzACytFW":{"chainKey":{"counter":-1,"key":"ypDzl3StvGy/t+NR13jwMW+pwcaOEGANLL+SblWC120="},"chainType":1,"messageKeys":{}}}},"BVVhuaTyhgwiG3kqSuk4LGJqDKoErffeFhzMoSMUbAlv":{"registrationId":1858032346,"currentRatchet":{"ephemeralKeyPair":{"pubKey":"BTjFg/uF4czdzmXv/wvR0ydRq6f6WhtmzofLrPFKqdAa","privKey":"mNfTg+TU2NHYuvCCCd3gffn532qYFhUc6o66GZjxFk8="},"lastRemoteEphemeralKey":"BV3O6bc9oy0k7Nd87JfF2+XUfonL6HBtz2Te5kx24nMA","previousCounter":12,"rootKey":"d4z51zZHzbX0V83d/54yK2QFoXHOzJnWIu6zBAIiuF8="},"indexInfo":{"baseKey":"BVVhuaTyhgwiG3kqSuk4LGJqDKoErffeFhzMoSMUbAlv","baseKeyType":1,"closed":-1,"used":1688885546002,"created":1688885542812,"remoteIdentityKey":"BQeCsUGnXmPjp1FqBExvk4WuosYG/li3J/sdM6UiJHkb"},"_chains":{"BV3O6bc9oy0k7Nd87JfF2+XUfonL6HBtz2Te5kx24nMA":{"chainKey":{"counter":1,"key":"cq124nXETzEQkeG55lkx1n1pGPFHKushlNlIDrcB1w0="},"chainType":2,"messageKeys":{}},"BTjFg/uF4czdzmXv/wvR0ydRq6f6WhtmzofLrPFKqdAa":{"chainKey":{"counter":13,"key":"8LhbdlrsHLwbmUpLOlK9YIaZcPb+3UkUHBUuXcMZYSY="},"chainType":1,"messageKeys":{}}}}},"version":"v1"}